row_id,year,month,sensor_id,sensor_name,pedestrain_counts,rank
0,2009,August,4,Town Hall (West),1050461,1.0
1,2009,August,2,Bourke Street Mall (South),847853,2.0
2,2009,August,3,Melbourne Central,827432,3.0
3,2009,August,6,Flinders Street Station Underpass,721539,4.0
4,2009,August,5,Princes Bridge,700272,5.0
5,2009,August,1,Bourke Street Mall (North),560625,6.0
6,2009,August,13,Flagstaff Station,540355,7.0
7,2009,August,15,State Library,539908,8.0
8,2009,August,16,Australia on Collins,489810,9.0
9,2009,August,17,Collins Place (South),326793,10.0
10,2009,December,4,Town Hall (West),1198678,1.0
11,2009,December,2,Bourke Street Mall (South),1022298,2.0
12,2009,December,1,Bourke Street Mall (North),841261,3.0
13,2009,December,3,Melbourne Central,795765,4.0
14,2009,December,6,Flinders Street Station Underpass,777770,5.0
15,2009,December,5,Princes Bridge,705360,6.0
16,2009,December,16,Australia on Collins,551491,7.0
17,2009,December,13,Flagstaff Station,470939,8.0
18,2009,December,15,State Library,459247,9.0
19,2009,December,17,Collins Place (South),316187,10.0
20,2009,July,4,Town Hall (West),1110075,1.0
21,2009,July,2,Bourke Street Mall (South),877690,2.0
22,2009,July,3,Melbourne Central,826210,3.0
23,2009,July,6,Flinders Street Station Underpass,757096,4.0
24,2009,July,5,Princes Bridge,743246,5.0
25,2009,July,1,Bourke Street Mall (North),610587,6.0
26,2009,July,13,Flagstaff Station,562069,7.0
27,2009,July,16,Australia on Collins,530208,8.0
28,2009,July,15,State Library,525256,9.0
29,2009,July,17,Collins Place (South),346578,10.0
30,2009,June,4,Town Hall (West),1009857,1.0
31,2009,June,1,Bourke Street Mall (North),801945,2.0
32,2009,June,3,Melbourne Central,740878,3.0
33,2009,June,6,Flinders Street Station Underpass,674285,4.0
34,2009,June,5,Princes Bridge,635352,5.0
35,2009,June,2,Bourke Street Mall (South),593036,6.0
36,2009,June,13,Flagstaff Station,527632,7.0
37,2009,June,16,Australia on Collins,484893,8.0
38,2009,June,15,State Library,466171,9.0
39,2009,June,17,Collins Place (South),327694,10.0
40,2009,May,4,Town Hall (West),1095125,1.0
41,2009,May,1,Bourke Street Mall (North),842470,2.0
42,2009,May,6,Flinders Street Station Underpass,729966,3.0
43,2009,May,5,Princes Bridge,711896,4.0
44,2009,May,2,Bourke Street Mall (South),628472,5.0
45,2009,May,15,State Library,570028,6.0
46,2009,May,13,Flagstaff Station,538822,7.0
47,2009,May,16,Australia on Collins,521101,8.0
48,2009,May,3,Melbourne Central,347366,9.0
49,2009,May,17,Collins Place (South),337352,10.0
50,2009,November,4,Town Hall (West),1075112,1.0
51,2009,November,2,Bourke Street Mall (South),819881,2.0
52,2009,November,3,Melbourne Central,793497,3.0
53,2009,November,6,Flinders Street Station Underpass,731875,4.0
54,2009,November,1,Bourke Street Mall (North),706073,5.0
55,2009,November,5,Princes Bridge,700342,6.0
56,2009,November,13,Flagstaff Station,503682,7.0
57,2009,November,16,Australia on Collins,497652,8.0
58,2009,November,15,State Library,481941,9.0
59,2009,November,17,Collins Place (South),326776,10.0
60,2009,October,4,Town Hall (West),1058684,1.0
61,2009,October,2,Bourke Street Mall (South),866911,2.0
62,2009,October,6,Flinders Street Station Underpass,748989,3.0
63,2009,October,5,Princes Bridge,725048,4.0
64,2009,October,3,Melbourne Central,724329,5.0
65,2009,October,1,Bourke Street Mall (North),568757,6.0
66,2009,October,15,State Library,560199,7.0
67,2009,October,13,Flagstaff Station,551139,8.0
68,2009,October,16,Australia on Collins,511023,9.0
69,2009,October,17,Collins Place (South),349472,10.0
70,2009,September,4,Town Hall (West),1017890,1.0
71,2009,September,2,Bourke Street Mall (South),836776,2.0
72,2009,September,3,Melbourne Central,780036,3.0
73,2009,September,6,Flinders Street Station Underpass,700836,4.0
74,2009,September,5,Princes Bridge,699272,5.0
75,2009,September,13,Flagstaff Station,545023,6.0
76,2009,September,1,Bourke Street Mall (North),532613,7.0
77,2009,September,15,State Library,518451,8.0
78,2009,September,16,Australia on Collins,481442,9.0
79,2009,September,17,Collins Place (South),334670,10.0
80,2010,April,4,Town Hall (West),1111326,1.0
81,2010,April,3,Melbourne Central,837419,2.0
82,2010,April,2,Bourke Street Mall (South),779147,3.0
83,2010,April,5,Princes Bridge,743949,4.0
84,2010,April,6,Flinders Street Station Underpass,709573,5.0
85,2010,April,1,Bourke Street Mall (North),584322,6.0
86,2010,April,15,State Library,545050,7.0
87,2010,April,16,Australia on Collins,513211,8.0
88,2010,April,13,Flagstaff Station,487441,9.0
89,2010,April,17,Collins Place (South),319625,10.0
90,2010,August,4,Town Hall (West),1036046,1.0
91,2010,August,3,Melbourne Central,781308,2.0
92,2010,August,2,Bourke Street Mall (South),750070,3.0
93,2010,August,6,Flinders Street Station Underpass,723723,4.0
94,2010,August,5,Princes Bridge,630601,5.0
95,2010,August,1,Bourke Street Mall (North),610958,6.0
96,2010,August,13,Flagstaff Station,556535,7.0
97,2010,August,15,State Library,510291,8.0
98,2010,August,16,Australia on Collins,506910,9.0
99,2010,August,17,Collins Place (South),339983,10.0
100,2010,December,4,Town Hall (West),1232520,1.0
101,2010,December,2,Bourke Street Mall (South),1192427,2.0
102,2010,December,6,Flinders Street Station Underpass,847734,3.0
103,2010,December,3,Melbourne Central,780191,4.0
104,2010,December,5,Princes Bridge,620999,5.0
105,2010,December,16,Australia on Collins,588052,6.0
106,2010,December,15,State Library,474262,7.0
107,2010,December,13,Flagstaff Station,468864,8.0
108,2010,December,17,Collins Place (South),337140,9.0
109,2010,December,14,Sandridge Bridge,262484,10.0
110,2010,February,4,Town Hall (West),948404,1.0
111,2010,February,3,Melbourne Central,715260,2.0
112,2010,February,2,Bourke Street Mall (South),712874,3.0
113,2010,February,6,Flinders Street Station Underpass,676841,4.0
114,2010,February,5,Princes Bridge,676447,5.0
115,2010,February,1,Bourke Street Mall (North),557650,6.0
116,2010,February,13,Flagstaff Station,517041,7.0
117,2010,February,16,Australia on Collins,473198,8.0
118,2010,February,15,State Library,453229,9.0
119,2010,February,17,Collins Place (South),319189,10.0
120,2010,January,4,Town Hall (West),1046480,1.0
121,2010,January,2,Bourke Street Mall (South),780024,2.0
122,2010,January,5,Princes Bridge,705279,3.0
123,2010,January,3,Melbourne Central,703179,4.0
124,2010,January,6,Flinders Street Station Underpass,689157,5.0
125,2010,January,1,Bourke Street Mall (North),582056,6.0
126,2010,January,16,Australia on Collins,463533,7.0
127,2010,January,15,State Library,407403,8.0
128,2010,January,13,Flagstaff Station,390248,9.0
129,2010,January,17,Collins Place (South),266250,10.0
130,2010,July,4,Town Hall (West),1104454,1.0
131,2010,July,3,Melbourne Central,825843,2.0
132,2010,July,2,Bourke Street Mall (South),807012,3.0
133,2010,July,6,Flinders Street Station Underpass,755116,4.0
134,2010,July,5,Princes Bridge,688388,5.0
135,2010,July,1,Bourke Street Mall (North),615352,6.0
136,2010,July,16,Australia on Collins,551681,7.0
137,2010,July,13,Flagstaff Station,529577,8.0
138,2010,July,15,State Library,520724,9.0
139,2010,July,17,Collins Place (South),348096,10.0
140,2010,June,4,Town Hall (West),965356,1.0
141,2010,June,2,Bourke Street Mall (South),765273,2.0
142,2010,June,3,Melbourne Central,717588,3.0
143,2010,June,6,Flinders Street Station Underpass,670965,4.0
144,2010,June,5,Princes Bridge,612191,5.0
145,2010,June,13,Flagstaff Station,521372,6.0
146,2010,June,1,Bourke Street Mall (North),518089,7.0
147,2010,June,16,Australia on Collins,480399,8.0
148,2010,June,15,State Library,439415,9.0
149,2010,June,17,Collins Place (South),319880,10.0
150,2010,March,4,Town Hall (West),1145962,1.0
151,2010,March,3,Melbourne Central,908894,2.0
152,2010,March,5,Princes Bridge,823435,3.0
153,2010,March,2,Bourke Street Mall (South),819131,4.0
154,2010,March,6,Flinders Street Station Underpass,778368,5.0
155,2010,March,15,State Library,622935,6.0
156,2010,March,1,Bourke Street Mall (North),620191,7.0
157,2010,March,13,Flagstaff Station,581126,8.0
158,2010,March,16,Australia on Collins,546200,9.0
159,2010,March,17,Collins Place (South),363730,10.0
160,2010,May,4,Town Hall (West),1043343,1.0
161,2010,May,2,Bourke Street Mall (South),794259,2.0
162,2010,May,3,Melbourne Central,787414,3.0
163,2010,May,6,Flinders Street Station Underpass,718316,4.0
164,2010,May,5,Princes Bridge,665106,5.0
165,2010,May,1,Bourke Street Mall (North),570325,6.0
166,2010,May,13,Flagstaff Station,539936,7.0
167,2010,May,15,State Library,523839,8.0
168,2010,May,16,Australia on Collins,485445,9.0
169,2010,May,17,Collins Place (South),345787,10.0
170,2010,November,4,Town Hall (West),1050132,1.0
171,2010,November,2,Bourke Street Mall (South),879738,2.0
172,2010,November,6,Flinders Street Station Underpass,781536,3.0
173,2010,November,3,Melbourne Central,756614,4.0
174,2010,November,5,Princes Bridge,563694,5.0
175,2010,November,13,Flagstaff Station,533506,6.0
176,2010,November,16,Australia on Collins,526471,7.0
177,2010,November,15,State Library,478520,8.0
178,2010,November,17,Collins Place (South),362980,9.0
179,2010,November,18,Collins Place (North),277917,10.0
180,2010,October,4,Town Hall (West),1017342,1.0
181,2010,October,2,Bourke Street Mall (South),819846,2.0
182,2010,October,6,Flinders Street Station Underpass,767413,3.0
183,2010,October,1,Bourke Street Mall (North),630623,4.0
184,2010,October,3,Melbourne Central,618765,5.0
185,2010,October,5,Princes Bridge,613103,6.0
186,2010,October,13,Flagstaff Station,543480,7.0
187,2010,October,16,Australia on Collins,526161,8.0
188,2010,October,15,State Library,520247,9.0
189,2010,October,17,Collins Place (South),363525,10.0
190,2010,September,4,Town Hall (West),1030277,1.0
191,2010,September,2,Bourke Street Mall (South),784423,2.0
192,2010,September,3,Melbourne Central,772614,3.0
193,2010,September,6,Flinders Street Station Underpass,746196,4.0
194,2010,September,1,Bourke Street Mall (North),618262,5.0
195,2010,September,5,Princes Bridge,590036,6.0
196,2010,September,13,Flagstaff Station,537300,7.0
197,2010,September,16,Australia on Collins,512188,8.0
198,2010,September,15,State Library,505153,9.0
199,2010,September,17,Collins Place (South),357462,10.0
200,2011,April,4,Town Hall (West),1195568,1.0
201,2011,April,2,Bourke Street Mall (South),972919,2.0
202,2011,April,3,Melbourne Central,897977,3.0
203,2011,April,6,Flinders Street Station Underpass,815530,4.0
204,2011,April,5,Princes Bridge,664347,5.0
205,2011,April,15,State Library,565421,6.0
206,2011,April,16,Australia on Collins,548968,7.0
207,2011,April,13,Flagstaff Station,473466,8.0
208,2011,April,17,Collins Place (South),331079,9.0
209,2011,April,18,Collins Place (North),253992,10.0
210,2011,August,4,Town Hall (West),1055793,1.0
211,2011,August,2,Bourke Street Mall (South),852134,2.0
212,2011,August,3,Melbourne Central,841317,3.0
213,2011,August,6,Flinders Street Station Underpass,815374,4.0
214,2011,August,5,Princes Bridge,605924,5.0
215,2011,August,13,Flagstaff Station,584537,6.0
216,2011,August,15,State Library,547563,7.0
217,2011,August,16,Australia on Collins,535239,8.0
218,2011,August,17,Collins Place (South),364954,9.0
219,2011,August,9,Southern Cross Station,299918,10.0
220,2011,December,4,Town Hall (West),1260831,1.0
221,2011,December,2,Bourke Street Mall (South),1227674,2.0
222,2011,December,6,Flinders Street Station Underpass,900461,3.0
223,2011,December,3,Melbourne Central,852903,4.0
224,2011,December,5,Princes Bridge,649306,5.0
225,2011,December,16,Australia on Collins,595553,6.0
226,2011,December,15,State Library,511898,7.0
227,2011,December,13,Flagstaff Station,450369,8.0
228,2011,December,1,Bourke Street Mall (North),443595,9.0
229,2011,December,17,Collins Place (South),314911,10.0
230,2011,February,4,Town Hall (West),939189,1.0
231,2011,February,6,Flinders Street Station Underpass,741443,2.0
232,2011,February,2,Bourke Street Mall (South),735659,3.0
233,2011,February,3,Melbourne Central,719419,4.0
234,2011,February,5,Princes Bridge,541120,5.0
235,2011,February,13,Flagstaff Station,525537,6.0
236,2011,February,16,Australia on Collins,473519,7.0
237,2011,February,15,State Library,468450,8.0
238,2011,February,17,Collins Place (South),338868,9.0
239,2011,February,18,Collins Place (North),267145,10.0
240,2011,January,4,Town Hall (West),1074131,1.0
241,2011,January,2,Bourke Street Mall (South),865293,2.0
242,2011,January,6,Flinders Street Station Underpass,775410,3.0
243,2011,January,3,Melbourne Central,710075,4.0
244,2011,January,5,Princes Bridge,632786,5.0
245,2011,January,16,Australia on Collins,496679,6.0
246,2011,January,15,State Library,425012,7.0
247,2011,January,13,Flagstaff Station,417690,8.0
248,2011,January,17,Collins Place (South),314727,9.0
249,2011,January,7,Birrarung Marr,302409,10.0
250,2011,July,4,Town Hall (West),1111340,1.0
251,2011,July,2,Bourke Street Mall (South),926239,2.0
252,2011,July,3,Melbourne Central,841408,3.0
253,2011,July,6,Flinders Street Station Underpass,821093,4.0
254,2011,July,5,Princes Bridge,607586,5.0
255,2011,July,16,Australia on Collins,561311,6.0
256,2011,July,15,State Library,518236,7.0
257,2011,July,13,Flagstaff Station,501886,8.0
258,2011,July,17,Collins Place (South),342528,9.0
259,2011,July,9,Southern Cross Station,277390,10.0
260,2011,June,4,Town Hall (West),1033749,1.0
261,2011,June,2,Bourke Street Mall (South),949292,2.0
262,2011,June,3,Melbourne Central,787632,3.0
263,2011,June,6,Flinders Street Station Underpass,781994,4.0
264,2011,June,5,Princes Bridge,563498,5.0
265,2011,June,13,Flagstaff Station,528791,6.0
266,2011,June,16,Australia on Collins,519698,7.0
267,2011,June,15,State Library,479012,8.0
268,2011,June,17,Collins Place (South),347097,9.0
269,2011,June,9,Southern Cross Station,282452,10.0
270,2011,March,4,Town Hall (West),1139489,1.0
271,2011,March,3,Melbourne Central,912169,2.0
272,2011,March,2,Bourke Street Mall (South),887224,3.0
273,2011,March,6,Flinders Street Station Underpass,871291,4.0
274,2011,March,5,Princes Bridge,687669,5.0
275,2011,March,15,State Library,640687,6.0
276,2011,March,13,Flagstaff Station,596440,7.0
277,2011,March,16,Australia on Collins,548421,8.0
278,2011,March,17,Collins Place (South),386083,9.0
279,2011,March,7,Birrarung Marr,329618,10.0
280,2011,May,4,Town Hall (West),1053107,1.0
281,2011,May,2,Bourke Street Mall (South),901472,2.0
282,2011,May,3,Melbourne Central,820245,3.0
283,2011,May,6,Flinders Street Station Underpass,798010,4.0
284,2011,May,13,Flagstaff Station,574037,5.0
285,2011,May,5,Princes Bridge,573423,6.0
286,2011,May,16,Australia on Collins,523892,7.0
287,2011,May,15,State Library,513769,8.0
288,2011,May,17,Collins Place (South),368018,9.0
289,2011,May,9,Southern Cross Station,297073,10.0
290,2011,November,4,Town Hall (West),1080001,1.0
291,2011,November,2,Bourke Street Mall (South),927147,2.0
292,2011,November,6,Flinders Street Station Underpass,827084,3.0
293,2011,November,3,Melbourne Central,796439,4.0
294,2011,November,5,Princes Bridge,596603,5.0
295,2011,November,13,Flagstaff Station,547839,6.0
296,2011,November,16,Australia on Collins,535336,7.0
297,2011,November,15,State Library,438092,8.0
298,2011,November,17,Collins Place (South),366921,9.0
299,2011,November,9,Southern Cross Station,281895,10.0
300,2011,October,4,Town Hall (West),1077629,1.0
301,2011,October,2,Bourke Street Mall (South),920192,2.0
302,2011,October,3,Melbourne Central,824579,3.0
303,2011,October,6,Flinders Street Station Underpass,817570,4.0
304,2011,October,5,Princes Bridge,617795,5.0
305,2011,October,16,Australia on Collins,546879,6.0
306,2011,October,13,Flagstaff Station,543578,7.0
307,2011,October,15,State Library,449674,8.0
308,2011,October,17,Collins Place (South),352954,9.0
309,2011,October,9,Southern Cross Station,281220,10.0
310,2011,September,4,Town Hall (West),1012580,1.0
311,2011,September,2,Bourke Street Mall (South),840685,2.0
312,2011,September,3,Melbourne Central,808565,3.0
313,2011,September,6,Flinders Street Station Underpass,791232,4.0
314,2011,September,5,Princes Bridge,594221,5.0
315,2011,September,13,Flagstaff Station,554223,6.0
316,2011,September,16,Australia on Collins,523117,7.0
317,2011,September,15,State Library,500709,8.0
318,2011,September,17,Collins Place (South),357663,9.0
319,2011,September,9,Southern Cross Station,283582,10.0
320,2012,April,4,Town Hall (West),1262753,1.0
321,2012,April,3,Melbourne Central,913595,2.0
322,2012,April,2,Bourke Street Mall (South),829092,3.0
323,2012,April,6,Flinders Street Station Underpass,794086,4.0
324,2012,April,1,Bourke Street Mall (North),718245,5.0
325,2012,April,5,Princes Bridge,681668,6.0
326,2012,April,15,State Library,599899,7.0
327,2012,April,16,Australia on Collins,513475,8.0
328,2012,April,13,Flagstaff Station,471186,9.0
329,2012,April,17,Collins Place (South),315358,10.0
330,2012,August,4,Town Hall (West),1024240,1.0
331,2012,August,3,Melbourne Central,934718,2.0
332,2012,August,6,Flinders Street Station Underpass,820645,3.0
333,2012,August,1,Bourke Street Mall (North),760213,4.0
334,2012,August,2,Bourke Street Mall (South),755215,5.0
335,2012,August,15,State Library,641124,6.0
336,2012,August,5,Princes Bridge,640436,7.0
337,2012,August,13,Flagstaff Station,576476,8.0
338,2012,August,16,Australia on Collins,519405,9.0
339,2012,August,9,Southern Cross Station,366346,10.0
340,2012,December,4,Town Hall (West),1289099,1.0
341,2012,December,2,Bourke Street Mall (South),1138406,2.0
342,2012,December,1,Bourke Street Mall (North),1109541,3.0
343,2012,December,3,Melbourne Central,909836,4.0
344,2012,December,5,Princes Bridge,711306,5.0
345,2012,December,6,Flinders Street Station Underpass,704523,6.0
346,2012,December,16,Australia on Collins,573442,7.0
347,2012,December,13,Flagstaff Station,420318,8.0
348,2012,December,15,State Library,364274,9.0
349,2012,December,17,Collins Place (South),287275,10.0
350,2012,February,4,Town Hall (West),1136505,1.0
351,2012,February,3,Melbourne Central,797638,2.0
352,2012,February,6,Flinders Street Station Underpass,796421,3.0
353,2012,February,2,Bourke Street Mall (South),795730,4.0
354,2012,February,1,Bourke Street Mall (North),693906,5.0
355,2012,February,5,Princes Bridge,629101,6.0
356,2012,February,13,Flagstaff Station,566731,7.0
357,2012,February,15,State Library,548209,8.0
358,2012,February,16,Australia on Collins,501062,9.0
359,2012,February,17,Collins Place (South),350724,10.0
360,2012,January,4,Town Hall (West),1071523,1.0
361,2012,January,2,Bourke Street Mall (South),854782,2.0
362,2012,January,6,Flinders Street Station Underpass,813831,3.0
363,2012,January,1,Bourke Street Mall (North),748906,4.0
364,2012,January,3,Melbourne Central,727066,5.0
365,2012,January,5,Princes Bridge,631769,6.0
366,2012,January,16,Australia on Collins,491698,7.0
367,2012,January,15,State Library,437896,8.0
368,2012,January,13,Flagstaff Station,412936,9.0
369,2012,January,7,Birrarung Marr,312135,10.0
370,2012,July,4,Town Hall (West),1201272,1.0
371,2012,July,3,Melbourne Central,930275,2.0
372,2012,July,6,Flinders Street Station Underpass,840301,3.0
373,2012,July,2,Bourke Street Mall (South),815873,4.0
374,2012,July,1,Bourke Street Mall (North),770665,5.0
375,2012,July,5,Princes Bridge,641997,6.0
376,2012,July,15,State Library,596158,7.0
377,2012,July,16,Australia on Collins,547868,8.0
378,2012,July,13,Flagstaff Station,527519,9.0
379,2012,July,9,Southern Cross Station,354391,10.0
380,2012,June,4,Town Hall (West),1139939,1.0
381,2012,June,3,Melbourne Central,813134,2.0
382,2012,June,2,Bourke Street Mall (South),810148,3.0
383,2012,June,6,Flinders Street Station Underpass,770660,4.0
384,2012,June,1,Bourke Street Mall (North),651107,5.0
385,2012,June,5,Princes Bridge,545042,6.0
386,2012,June,13,Flagstaff Station,504490,7.0
387,2012,June,15,State Library,501487,8.0
388,2012,June,16,Australia on Collins,498005,9.0
389,2012,June,17,Collins Place (South),320404,10.0
390,2012,March,4,Town Hall (West),1337313,1.0
391,2012,March,3,Melbourne Central,963082,2.0
392,2012,March,2,Bourke Street Mall (South),892089,3.0
393,2012,March,6,Flinders Street Station Underpass,886703,4.0
394,2012,March,5,Princes Bridge,754918,5.0
395,2012,March,1,Bourke Street Mall (North),751873,6.0
396,2012,March,15,State Library,670004,7.0
397,2012,March,13,Flagstaff Station,569596,8.0
398,2012,March,16,Australia on Collins,550606,9.0
399,2012,March,7,Birrarung Marr,401500,10.0
400,2012,May,4,Town Hall (West),1213806,1.0
401,2012,May,3,Melbourne Central,879005,2.0
402,2012,May,6,Flinders Street Station Underpass,829807,3.0
403,2012,May,2,Bourke Street Mall (South),812254,4.0
404,2012,May,1,Bourke Street Mall (North),690695,5.0
405,2012,May,13,Flagstaff Station,606867,6.0
406,2012,May,15,State Library,597685,7.0
407,2012,May,5,Princes Bridge,584572,8.0
408,2012,May,16,Australia on Collins,511960,9.0
409,2012,May,17,Collins Place (South),366796,10.0
410,2012,November,4,Town Hall (West),1097719,1.0
411,2012,November,3,Melbourne Central,897542,2.0
412,2012,November,1,Bourke Street Mall (North),869758,3.0
413,2012,November,2,Bourke Street Mall (South),846704,4.0
414,2012,November,6,Flinders Street Station Underpass,717746,5.0
415,2012,November,5,Princes Bridge,695578,6.0
416,2012,November,15,State Library,544294,7.0
417,2012,November,13,Flagstaff Station,540514,8.0
418,2012,November,16,Australia on Collins,525090,9.0
419,2012,November,9,Southern Cross Station,342801,10.0
420,2012,October,4,Town Hall (West),1043780,1.0
421,2012,October,3,Melbourne Central,906661,2.0
422,2012,October,6,Flinders Street Station Underpass,838925,3.0
423,2012,October,1,Bourke Street Mall (North),788582,4.0
424,2012,October,2,Bourke Street Mall (South),773389,5.0
425,2012,October,5,Princes Bridge,662185,6.0
426,2012,October,13,Flagstaff Station,580996,7.0
427,2012,October,15,State Library,566445,8.0
428,2012,October,16,Australia on Collins,524900,9.0
429,2012,October,7,Birrarung Marr,413742,10.0
430,2012,September,4,Town Hall (West),993690,1.0
431,2012,September,3,Melbourne Central,910455,2.0
432,2012,September,6,Flinders Street Station Underpass,783968,3.0
433,2012,September,1,Bourke Street Mall (North),752744,4.0
434,2012,September,2,Bourke Street Mall (South),749446,5.0
435,2012,September,5,Princes Bridge,663964,6.0
436,2012,September,13,Flagstaff Station,496204,7.0
437,2012,September,16,Australia on Collins,491753,8.0
438,2012,September,7,Birrarung Marr,435904,9.0
439,2012,September,9,Southern Cross Station,329746,10.0
440,2013,April,4,Town Hall (West),1134511,1.0
441,2013,April,3,Melbourne Central,978527,2.0
442,2013,April,1,Bourke Street Mall (North),810826,3.0
443,2013,April,2,Bourke Street Mall (South),784050,4.0
444,2013,April,5,Princes Bridge,721433,5.0
445,2013,April,15,State Library,613999,6.0
446,2013,April,6,Flinders Street Station Underpass,611924,7.0
447,2013,April,16,Australia on Collins,518370,8.0
448,2013,April,13,Flagstaff Station,517956,9.0
449,2013,April,9,Southern Cross Station,369313,10.0
450,2013,August,4,Town Hall (West),1058173,1.0
451,2013,August,3,Melbourne Central,957645,2.0
452,2013,August,1,Bourke Street Mall (North),817304,3.0
453,2013,August,2,Bourke Street Mall (South),772946,4.0
454,2013,August,5,Princes Bridge,733894,5.0
455,2013,August,6,Flinders Street Station Underpass,606158,6.0
456,2013,August,13,Flagstaff Station,569941,7.0
457,2013,August,16,Australia on Collins,544854,8.0
458,2013,August,9,Southern Cross Station,387562,9.0
459,2013,August,17,Collins Place (South),321346,10.0
460,2013,December,4,Town Hall (West),1327894,1.0
461,2013,December,2,Bourke Street Mall (South),1145625,2.0
462,2013,December,1,Bourke Street Mall (North),1141824,3.0
463,2013,December,22,Flinders St-Elizabeth St (East),1117051,4.0
464,2013,December,3,Melbourne Central,983912,5.0
465,2013,December,5,Princes Bridge,776400,6.0
466,2013,December,6,Flinders Street Station Underpass,689307,7.0
467,2013,December,15,State Library,621647,8.0
468,2013,December,28,The Arts Centre,603502,9.0
469,2013,December,16,Australia on Collins,601616,10.0
470,2013,February,4,Town Hall (West),970271,1.0
471,2013,February,3,Melbourne Central,829318,2.0
472,2013,February,1,Bourke Street Mall (North),730890,3.0
473,2013,February,5,Princes Bridge,702616,4.0
474,2013,February,2,Bourke Street Mall (South),692982,5.0
475,2013,February,6,Flinders Street Station Underpass,620231,6.0
476,2013,February,15,State Library,543332,7.0
477,2013,February,13,Flagstaff Station,527318,8.0
478,2013,February,16,Australia on Collins,483637,9.0
479,2013,February,9,Southern Cross Station,355431,10.0
480,2013,January,4,Town Hall (West),1113798,1.0
481,2013,January,3,Melbourne Central,842286,2.0
482,2013,January,2,Bourke Street Mall (South),802711,3.0
483,2013,January,1,Bourke Street Mall (North),791206,4.0
484,2013,January,5,Princes Bridge,738682,5.0
485,2013,January,6,Flinders Street Station Underpass,655292,6.0
486,2013,January,16,Australia on Collins,501206,7.0
487,2013,January,13,Flagstaff Station,439307,8.0
488,2013,January,7,Birrarung Marr,335058,9.0
489,2013,January,17,Collins Place (South),302399,10.0
490,2013,July,4,Town Hall (West),1089411,1.0
491,2013,July,3,Melbourne Central,907766,2.0
492,2013,July,1,Bourke Street Mall (North),839856,3.0
493,2013,July,2,Bourke Street Mall (South),826430,4.0
494,2013,July,5,Princes Bridge,743225,5.0
495,2013,July,6,Flinders Street Station Underpass,629168,6.0
496,2013,July,16,Australia on Collins,564946,7.0
497,2013,July,13,Flagstaff Station,555564,8.0
498,2013,July,9,Southern Cross Station,442078,9.0
499,2013,July,17,Collins Place (South),330721,10.0
500,2013,June,4,Town Hall (West),991671,1.0
501,2013,June,3,Melbourne Central,833312,2.0
502,2013,June,1,Bourke Street Mall (North),775793,3.0
503,2013,June,2,Bourke Street Mall (South),735381,4.0
504,2013,June,5,Princes Bridge,670550,5.0
505,2013,June,6,Flinders Street Station Underpass,575411,6.0
506,2013,June,16,Australia on Collins,494405,7.0
507,2013,June,13,Flagstaff Station,493864,8.0
508,2013,June,9,Southern Cross Station,367707,9.0
509,2013,June,17,Collins Place (South),287262,10.0
510,2013,March,4,Town Hall (West),1107832,1.0
511,2013,March,3,Melbourne Central,1052612,2.0
512,2013,March,5,Princes Bridge,839539,3.0
513,2013,March,1,Bourke Street Mall (North),832992,4.0
514,2013,March,2,Bourke Street Mall (South),779914,5.0
515,2013,March,15,State Library,678848,6.0
516,2013,March,6,Flinders Street Station Underpass,664573,7.0
517,2013,March,16,Australia on Collins,526565,8.0
518,2013,March,13,Flagstaff Station,517936,9.0
519,2013,March,7,Birrarung Marr,370775,10.0
520,2013,May,4,Town Hall (West),1031301,1.0
521,2013,May,3,Melbourne Central,916707,2.0
522,2013,May,1,Bourke Street Mall (North),803441,3.0
523,2013,May,2,Bourke Street Mall (South),740244,4.0
524,2013,May,5,Princes Bridge,673187,5.0
525,2013,May,15,State Library,612240,6.0
526,2013,May,13,Flagstaff Station,607126,7.0
527,2013,May,6,Flinders Street Station Underpass,606688,8.0
528,2013,May,16,Australia on Collins,514372,9.0
529,2013,May,9,Southern Cross Station,435038,10.0
530,2013,November,4,Town Hall (West),1104187,1.0
531,2013,November,22,Flinders St-Elizabeth St (East),1016083,2.0
532,2013,November,3,Melbourne Central,918317,3.0
533,2013,November,1,Bourke Street Mall (North),876165,4.0
534,2013,November,2,Bourke Street Mall (South),839533,5.0
535,2013,November,5,Princes Bridge,742520,6.0
536,2013,November,24,Spencer St-Collins St (North),665605,7.0
537,2013,November,28,The Arts Centre,643419,8.0
538,2013,November,15,State Library,617230,9.0
539,2013,November,6,Flinders Street Station Underpass,610156,10.0
540,2013,October,4,Town Hall (West),1052593,1.0
541,2013,October,22,Flinders St-Elizabeth St (East),1025591,2.0
542,2013,October,3,Melbourne Central,894565,3.0
543,2013,October,1,Bourke Street Mall (North),798870,4.0
544,2013,October,2,Bourke Street Mall (South),761025,5.0
545,2013,October,24,Spencer St-Collins St (North),723116,6.0
546,2013,October,5,Princes Bridge,671618,7.0
547,2013,October,15,State Library,630260,8.0
548,2013,October,6,Flinders Street Station Underpass,618492,9.0
549,2013,October,13,Flagstaff Station,573646,10.0
550,2013,September,4,Town Hall (West),1001733,1.0
551,2013,September,22,Flinders St-Elizabeth St (East),979596,2.0
552,2013,September,3,Melbourne Central,884397,3.0
553,2013,September,1,Bourke Street Mall (North),755760,4.0
554,2013,September,2,Bourke Street Mall (South),745829,5.0
555,2013,September,5,Princes Bridge,701649,6.0
556,2013,September,24,Spencer St-Collins St (North),660224,7.0
557,2013,September,15,State Library,591823,8.0
558,2013,September,6,Flinders Street Station Underpass,585041,9.0
559,2013,September,13,Flagstaff Station,537065,10.0
560,2014,April,4,Town Hall (West),1198193,1.0
561,2014,April,22,Flinders St-Elizabeth St (East),1069421,2.0
562,2014,April,3,Melbourne Central,1015305,3.0
563,2014,April,1,Bourke Street Mall (North),902012,4.0
564,2014,April,32,City Square,866825,5.0
565,2014,April,2,Bourke Street Mall (South),845036,6.0
566,2014,April,5,Princes Bridge,777851,7.0
567,2014,April,15,State Library,657197,8.0
568,2014,April,24,Spencer St-Collins St (North),655581,9.0
569,2014,April,6,Flinders Street Station Underpass,615832,10.0
570,2014,August,22,Flinders St-Elizabeth St (East),1059926,1.0
571,2014,August,3,Melbourne Central,1033709,2.0
572,2014,August,4,Town Hall (West),900157,3.0
573,2014,August,1,Bourke Street Mall (North),750077,4.0
574,2014,August,5,Princes Bridge,730823,5.0
575,2014,August,2,Bourke Street Mall (South),721774,6.0
576,2014,August,24,Spencer St-Collins St (North),715768,7.0
577,2014,August,32,City Square,705843,8.0
578,2014,August,15,State Library,645445,9.0
579,2014,August,28,The Arts Centre,626033,10.0
580,2014,December,4,Town Hall (West),1419535,1.0
581,2014,December,22,Flinders St-Elizabeth St (East),1163576,2.0
582,2014,December,2,Bourke Street Mall (South),1144588,3.0
583,2014,December,32,City Square,1023518,4.0
584,2014,December,3,Melbourne Central,972818,5.0
585,2014,December,5,Princes Bridge,804383,6.0
586,2014,December,6,Flinders Street Station Underpass,750082,7.0
587,2014,December,24,Spencer St-Collins St (North),666334,8.0
588,2014,December,28,The Arts Centre,617330,9.0
589,2014,December,15,State Library,594606,10.0
590,2014,February,4,Town Hall (West),1017371,1.0
591,2014,February,22,Flinders St-Elizabeth St (East),992670,2.0
592,2014,February,3,Melbourne Central,882554,3.0
593,2014,February,1,Bourke Street Mall (North),787333,4.0
594,2014,February,2,Bourke Street Mall (South),713106,5.0
595,2014,February,5,Princes Bridge,696979,6.0
596,2014,February,24,Spencer St-Collins St (North),657325,7.0
597,2014,February,15,State Library,630463,8.0
598,2014,February,32,City Square,590744,9.0
599,2014,February,6,Flinders Street Station Underpass,587789,10.0
600,2014,January,4,Town Hall (West),1100135,1.0
601,2014,January,22,Flinders St-Elizabeth St (East),1064733,2.0
602,2014,January,3,Melbourne Central,844635,3.0
603,2014,January,1,Bourke Street Mall (North),798262,4.0
604,2014,January,2,Bourke Street Mall (South),795386,5.0
605,2014,January,5,Princes Bridge,752408,6.0
606,2014,January,32,City Square,709047,7.0
607,2014,January,6,Flinders Street Station Underpass,633265,8.0
608,2014,January,28,The Arts Centre,606283,9.0
609,2014,January,24,Spencer St-Collins St (North),603608,10.0
610,2014,July,22,Flinders St-Elizabeth St (East),1060808,1.0
611,2014,July,3,Melbourne Central,937819,2.0
612,2014,July,4,Town Hall (West),836833,3.0
613,2014,July,1,Bourke Street Mall (North),800875,4.0
614,2014,July,2,Bourke Street Mall (South),773179,5.0
615,2014,July,5,Princes Bridge,724269,6.0
616,2014,July,32,City Square,702447,7.0
617,2014,July,24,Spencer St-Collins St (North),647752,8.0
618,2014,July,6,Flinders Street Station Underpass,629226,9.0
619,2014,July,28,The Arts Centre,620888,10.0
620,2014,June,4,Town Hall (West),1044960,1.0
621,2014,June,22,Flinders St-Elizabeth St (East),986041,2.0
622,2014,June,3,Melbourne Central,851433,3.0
623,2014,June,1,Bourke Street Mall (North),749352,4.0
624,2014,June,2,Bourke Street Mall (South),715883,5.0
625,2014,June,24,Spencer St-Collins St (North),668900,6.0
626,2014,June,5,Princes Bridge,655945,7.0
627,2014,June,32,City Square,619128,8.0
628,2014,June,28,The Arts Centre,571908,9.0
629,2014,June,6,Flinders Street Station Underpass,568549,10.0
630,2014,March,4,Town Hall (West),1151765,1.0
631,2014,March,22,Flinders St-Elizabeth St (East),1099678,2.0
632,2014,March,3,Melbourne Central,1083106,3.0
633,2014,March,1,Bourke Street Mall (North),845532,4.0
634,2014,March,5,Princes Bridge,844643,5.0
635,2014,March,32,City Square,836980,6.0
636,2014,March,2,Bourke Street Mall (South),787833,7.0
637,2014,March,15,State Library,744602,8.0
638,2014,March,24,Spencer St-Collins St (North),733306,9.0
639,2014,March,28,The Arts Centre,679056,10.0
640,2014,May,4,Town Hall (West),1135069,1.0
641,2014,May,22,Flinders St-Elizabeth St (East),1071990,2.0
642,2014,May,3,Melbourne Central,982321,3.0
643,2014,May,1,Bourke Street Mall (North),827025,4.0
644,2014,May,2,Bourke Street Mall (South),755415,5.0
645,2014,May,32,City Square,727790,6.0
646,2014,May,5,Princes Bridge,709233,7.0
647,2014,May,15,State Library,646025,8.0
648,2014,May,6,Flinders Street Station Underpass,623711,9.0
649,2014,May,28,The Arts Centre,604451,10.0
650,2014,November,4,Town Hall (West),1173173,1.0
651,2014,November,22,Flinders St-Elizabeth St (East),1070165,2.0
652,2014,November,3,Melbourne Central,954541,3.0
653,2014,November,2,Bourke Street Mall (South),832719,4.0
654,2014,November,5,Princes Bridge,793174,5.0
655,2014,November,32,City Square,750766,6.0
656,2014,November,24,Spencer St-Collins St (North),676891,7.0
657,2014,November,6,Flinders Street Station Underpass,658042,8.0
658,2014,November,15,State Library,587433,9.0
659,2014,November,28,The Arts Centre,575398,10.0
660,2014,October,4,Town Hall (West),1136206,1.0
661,2014,October,22,Flinders St-Elizabeth St (East),1096044,2.0
662,2014,October,3,Melbourne Central,997779,3.0
663,2014,October,1,Bourke Street Mall (North),798950,4.0
664,2014,October,2,Bourke Street Mall (South),788991,5.0
665,2014,October,24,Spencer St-Collins St (North),764954,6.0
666,2014,October,32,City Square,755152,7.0
667,2014,October,5,Princes Bridge,753886,8.0
668,2014,October,6,Flinders Street Station Underpass,687763,9.0
669,2014,October,15,State Library,628859,10.0
670,2014,September,4,Town Hall (West),1067446,1.0
671,2014,September,22,Flinders St-Elizabeth St (East),1049304,2.0
672,2014,September,3,Melbourne Central,943337,3.0
673,2014,September,1,Bourke Street Mall (North),732849,4.0
674,2014,September,2,Bourke Street Mall (South),721921,5.0
675,2014,September,24,Spencer St-Collins St (North),710906,6.0
676,2014,September,5,Princes Bridge,706978,7.0
677,2014,September,6,Flinders Street Station Underpass,626060,8.0
678,2014,September,28,The Arts Centre,610833,9.0
679,2014,September,15,State Library,597154,10.0
680,2015,April,38,Flinders St-Swanston St (West),1804321,1.0
681,2015,April,4,Town Hall (West),1158730,2.0
682,2015,April,6,Flinders Street Station Underpass,1111253,3.0
683,2015,April,22,Flinders St-Elizabeth St (East),1058893,4.0
684,2015,April,3,Melbourne Central,1005451,5.0
685,2015,April,32,City Square,893646,6.0
686,2015,April,5,Princes Bridge,873302,7.0
687,2015,April,1,Bourke Street Mall (North),834227,8.0
688,2015,April,2,Bourke Street Mall (South),762652,9.0
689,2015,April,24,Spencer St-Collins St (North),727776,10.0
690,2015,August,38,Flinders St-Swanston St (West),1753217,1.0
691,2015,August,6,Flinders Street Station Underpass,1089369,2.0
692,2015,August,4,Town Hall (West),1071959,3.0
693,2015,August,3,Melbourne Central,956631,4.0
694,2015,August,1,Bourke Street Mall (North),798046,5.0
695,2015,August,5,Princes Bridge,779201,6.0
696,2015,August,24,Spencer St-Collins St (North),777888,7.0
697,2015,August,2,Bourke Street Mall (South),733689,8.0
698,2015,August,28,The Arts Centre,656452,9.0
699,2015,August,15,State Library,623419,10.0
700,2015,December,38,Flinders St-Swanston St (West),1931228,1.0
701,2015,December,4,Town Hall (West),1407202,2.0
702,2015,December,2,Bourke Street Mall (South),1176202,3.0
703,2015,December,6,Flinders Street Station Underpass,1135071,4.0
704,2015,December,32,City Square,1060047,5.0
705,2015,December,22,Flinders St-Elizabeth St (East),1005259,6.0
706,2015,December,5,Princes Bridge,949329,7.0
707,2015,December,3,Melbourne Central,945321,8.0
708,2015,December,24,Spencer St-Collins St (North),840567,9.0
709,2015,December,1,Bourke Street Mall (North),728157,10.0
710,2015,February,38,Flinders St-Swanston St (West),1645443,1.0
711,2015,February,4,Town Hall (West),1074216,2.0
712,2015,February,22,Flinders St-Elizabeth St (East),1045406,3.0
713,2015,February,3,Melbourne Central,858384,4.0
714,2015,February,5,Princes Bridge,836623,5.0
715,2015,February,6,Flinders Street Station Underpass,836508,6.0
716,2015,February,32,City Square,781262,7.0
717,2015,February,24,Spencer St-Collins St (North),709773,8.0
718,2015,February,2,Bourke Street Mall (South),705162,9.0
719,2015,February,28,The Arts Centre,688364,10.0
720,2015,January,38,Flinders St-Swanston St (West),1738953,1.0
721,2015,January,4,Town Hall (West),1154347,2.0
722,2015,January,22,Flinders St-Elizabeth St (East),1113193,3.0
723,2015,January,5,Princes Bridge,859144,4.0
724,2015,January,3,Melbourne Central,838951,5.0
725,2015,January,2,Bourke Street Mall (South),794963,6.0
726,2015,January,32,City Square,774231,7.0
727,2015,January,6,Flinders Street Station Underpass,694347,8.0
728,2015,January,24,Spencer St-Collins St (North),619121,9.0
729,2015,January,28,The Arts Centre,591321,10.0
730,2015,July,38,Flinders St-Swanston St (West),1785263,1.0
731,2015,July,6,Flinders Street Station Underpass,1153654,2.0
732,2015,July,4,Town Hall (West),1116273,3.0
733,2015,July,22,Flinders St-Elizabeth St (East),1072318,4.0
734,2015,July,3,Melbourne Central,928252,5.0
735,2015,July,1,Bourke Street Mall (North),854795,6.0
736,2015,July,24,Spencer St-Collins St (North),815189,7.0
737,2015,July,5,Princes Bridge,791801,8.0
738,2015,July,2,Bourke Street Mall (South),763194,9.0
739,2015,July,32,City Square,719197,10.0
740,2015,June,38,Flinders St-Swanston St (West),1727424,1.0
741,2015,June,4,Town Hall (West),1055767,2.0
742,2015,June,22,Flinders St-Elizabeth St (East),993804,3.0
743,2015,June,6,Flinders Street Station Underpass,934698,4.0
744,2015,June,3,Melbourne Central,871822,5.0
745,2015,June,5,Princes Bridge,865442,6.0
746,2015,June,1,Bourke Street Mall (North),785631,7.0
747,2015,June,24,Spencer St-Collins St (North),739170,8.0
748,2015,June,2,Bourke Street Mall (South),709853,9.0
749,2015,June,28,The Arts Centre,662994,10.0
750,2015,March,38,Flinders St-Swanston St (West),1966429,1.0
751,2015,March,6,Flinders Street Station Underpass,1223332,2.0
752,2015,March,4,Town Hall (West),1191867,3.0
753,2015,March,22,Flinders St-Elizabeth St (East),1162680,4.0
754,2015,March,3,Melbourne Central,1077952,5.0
755,2015,March,5,Princes Bridge,968980,6.0
756,2015,March,32,City Square,910872,7.0
757,2015,March,1,Bourke Street Mall (North),859945,8.0
758,2015,March,2,Bourke Street Mall (South),797949,9.0
759,2015,March,24,Spencer St-Collins St (North),794845,10.0
760,2015,May,38,Flinders St-Swanston St (West),1775415,1.0
761,2015,May,6,Flinders Street Station Underpass,1116699,2.0
762,2015,May,4,Town Hall (West),1083577,3.0
763,2015,May,22,Flinders St-Elizabeth St (East),1064189,4.0
764,2015,May,3,Melbourne Central,947615,5.0
765,2015,May,1,Bourke Street Mall (North),805145,6.0
766,2015,May,5,Princes Bridge,783172,7.0
767,2015,May,24,Spencer St-Collins St (North),769928,8.0
768,2015,May,32,City Square,733911,9.0
769,2015,May,2,Bourke Street Mall (South),721904,10.0
770,2015,November,38,Flinders St-Swanston St (West),1818857,1.0
771,2015,November,4,Town Hall (West),1163968,2.0
772,2015,November,6,Flinders Street Station Underpass,1021637,3.0
773,2015,November,3,Melbourne Central,922027,4.0
774,2015,November,5,Princes Bridge,913026,5.0
775,2015,November,24,Spencer St-Collins St (North),856077,6.0
776,2015,November,2,Bourke Street Mall (South),851184,7.0
777,2015,November,32,City Square,797448,8.0
778,2015,November,22,Flinders St-Elizabeth St (East),759027,9.0
779,2015,November,28,The Arts Centre,704579,10.0
780,2015,October,38,Flinders St-Swanston St (West),1820460,1.0
781,2015,October,4,Town Hall (West),1100600,2.0
782,2015,October,6,Flinders Street Station Underpass,1048475,3.0
783,2015,October,3,Melbourne Central,960945,4.0
784,2015,October,5,Princes Bridge,899311,5.0
785,2015,October,24,Spencer St-Collins St (North),881282,6.0
786,2015,October,2,Bourke Street Mall (South),806308,7.0
787,2015,October,32,City Square,803964,8.0
788,2015,October,1,Bourke Street Mall (North),796249,9.0
789,2015,October,28,The Arts Centre,705176,10.0
790,2015,September,38,Flinders St-Swanston St (West),1727151,1.0
791,2015,September,4,Town Hall (West),1049441,2.0
792,2015,September,6,Flinders Street Station Underpass,1038950,3.0
793,2015,September,22,Flinders St-Elizabeth St (East),1021606,4.0
794,2015,September,3,Melbourne Central,930881,5.0
795,2015,September,5,Princes Bridge,821938,6.0
796,2015,September,1,Bourke Street Mall (North),802090,7.0
797,2015,September,24,Spencer St-Collins St (North),758920,8.0
798,2015,September,2,Bourke Street Mall (South),751721,9.0
799,2015,September,29,St Kilda Rd-Alexandra Gardens,745970,10.0
800,2016,April,38,Flinders St-Swanston St (West),1900791,1.0
801,2016,April,4,Town Hall (West),1187663,2.0
802,2016,April,6,Flinders Street Station Underpass,1051200,3.0
803,2016,April,22,Flinders St-Elizabeth St (East),1041483,4.0
804,2016,April,1,Bourke Street Mall (North),1027597,5.0
805,2016,April,5,Princes Bridge,1025524,6.0
806,2016,April,3,Melbourne Central,975817,7.0
807,2016,April,32,City Square,899690,8.0
808,2016,April,24,Spencer St-Collins St (North),898025,9.0
809,2016,April,28,The Arts Centre,821361,10.0
810,2016,August,38,Flinders St-Swanston St (West),1805067,1.0
811,2016,August,35,Southbank,1139566,2.0
812,2016,August,4,Town Hall (West),1040264,3.0
813,2016,August,3,Melbourne Central,1024618,4.0
814,2016,August,6,Flinders Street Station Underpass,1023647,5.0
815,2016,August,1,Bourke Street Mall (North),997722,6.0
816,2016,August,24,Spencer St-Collins St (North),955010,7.0
817,2016,August,5,Princes Bridge,877871,8.0
818,2016,August,32,City Square,733874,9.0
819,2016,August,28,The Arts Centre,714621,10.0
820,2016,December,38,Flinders St-Swanston St (West),1857062,1.0
821,2016,December,35,Southbank,1474484,2.0
822,2016,December,1,Bourke Street Mall (North),1248598,3.0
823,2016,December,6,Flinders Street Station Underpass,1149211,4.0
824,2016,December,2,Bourke Street Mall (South),1124133,5.0
825,2016,December,5,Princes Bridge,992642,6.0
826,2016,December,32,City Square,988001,7.0
827,2016,December,24,Spencer St-Collins St (North),876361,8.0
828,2016,December,28,The Arts Centre,671075,9.0
829,2016,December,53,Collins St (North),616792,10.0
830,2016,February,38,Flinders St-Swanston St (West),1777979,1.0
831,2016,February,4,Town Hall (West),1130229,2.0
832,2016,February,6,Flinders Street Station Underpass,1041783,3.0
833,2016,February,22,Flinders St-Elizabeth St (East),1034116,4.0
834,2016,February,5,Princes Bridge,1000371,5.0
835,2016,February,3,Melbourne Central,935836,6.0
836,2016,February,1,Bourke Street Mall (North),920858,7.0
837,2016,February,32,City Square,898480,8.0
838,2016,February,24,Spencer St-Collins St (North),881123,9.0
839,2016,February,28,The Arts Centre,777712,10.0
840,2016,January,38,Flinders St-Swanston St (West),1844471,1.0
841,2016,January,4,Town Hall (West),1159534,2.0
842,2016,January,22,Flinders St-Elizabeth St (East),1046441,3.0
843,2016,January,6,Flinders Street Station Underpass,1024338,4.0
844,2016,January,5,Princes Bridge,1013688,5.0
845,2016,January,3,Melbourne Central,854232,6.0
846,2016,January,32,City Square,794832,7.0
847,2016,January,2,Bourke Street Mall (South),794179,8.0
848,2016,January,28,The Arts Centre,790301,9.0
849,2016,January,1,Bourke Street Mall (North),771448,10.0
850,2016,July,38,Flinders St-Swanston St (West),1811931,1.0
851,2016,July,35,Southbank,1198862,2.0
852,2016,July,4,Town Hall (West),1100423,3.0
853,2016,July,1,Bourke Street Mall (North),1043822,4.0
854,2016,July,3,Melbourne Central,1034508,5.0
855,2016,July,6,Flinders Street Station Underpass,1027802,6.0
856,2016,July,24,Spencer St-Collins St (North),918993,7.0
857,2016,July,5,Princes Bridge,917175,8.0
858,2016,July,32,City Square,770654,9.0
859,2016,July,2,Bourke Street Mall (South),760530,10.0
860,2016,June,38,Flinders St-Swanston St (West),1600637,1.0
861,2016,June,4,Town Hall (West),981576,2.0
862,2016,June,1,Bourke Street Mall (North),964601,3.0
863,2016,June,6,Flinders Street Station Underpass,944461,4.0
864,2016,June,35,Southbank,936557,5.0
865,2016,June,24,Spencer St-Collins St (North),890224,6.0
866,2016,June,3,Melbourne Central,874207,7.0
867,2016,June,5,Princes Bridge,735724,8.0
868,2016,June,2,Bourke Street Mall (South),704311,9.0
869,2016,June,32,City Square,612759,10.0
870,2016,March,38,Flinders St-Swanston St (West),1951326,1.0
871,2016,March,4,Town Hall (West),1198900,2.0
872,2016,March,22,Flinders St-Elizabeth St (East),1086249,3.0
873,2016,March,6,Flinders Street Station Underpass,1081469,4.0
874,2016,March,5,Princes Bridge,1047948,5.0
875,2016,March,3,Melbourne Central,1033265,6.0
876,2016,March,1,Bourke Street Mall (North),990888,7.0
877,2016,March,24,Spencer St-Collins St (North),904908,8.0
878,2016,March,32,City Square,869474,9.0
879,2016,March,28,The Arts Centre,788127,10.0
880,2016,May,38,Flinders St-Swanston St (West),1730658,1.0
881,2016,May,4,Town Hall (West),1036787,2.0
882,2016,May,22,Flinders St-Elizabeth St (East),1009353,3.0
883,2016,May,6,Flinders Street Station Underpass,1003051,4.0
884,2016,May,35,Southbank,1000634,5.0
885,2016,May,1,Bourke Street Mall (North),970128,6.0
886,2016,May,3,Melbourne Central,963822,7.0
887,2016,May,24,Spencer St-Collins St (North),929631,8.0
888,2016,May,5,Princes Bridge,799195,9.0
889,2016,May,32,City Square,709200,10.0
890,2016,November,38,Flinders St-Swanston St (West),1740523,1.0
891,2016,November,35,Southbank,1209377,2.0
892,2016,November,6,Flinders Street Station Underpass,1083579,3.0
893,2016,November,1,Bourke Street Mall (North),1039800,4.0
894,2016,November,5,Princes Bridge,936075,5.0
895,2016,November,24,Spencer St-Collins St (North),920024,6.0
896,2016,November,2,Bourke Street Mall (South),800306,7.0
897,2016,November,32,City Square,790066,8.0
898,2016,November,28,The Arts Centre,723913,9.0
899,2016,November,15,State Library,641582,10.0
900,2016,October,38,Flinders St-Swanston St (West),1737392,1.0
901,2016,October,35,Southbank,1137061,2.0
902,2016,October,6,Flinders Street Station Underpass,1025030,3.0
903,2016,October,1,Bourke Street Mall (North),992592,4.0
904,2016,October,24,Spencer St-Collins St (North),918917,5.0
905,2016,October,5,Princes Bridge,853612,6.0
906,2016,October,2,Bourke Street Mall (South),749275,7.0
907,2016,October,32,City Square,704322,8.0
908,2016,October,28,The Arts Centre,645213,9.0
909,2016,October,15,State Library,618886,10.0
910,2016,September,38,Flinders St-Swanston St (West),1735719,1.0
911,2016,September,35,Southbank,1127884,2.0
912,2016,September,4,Town Hall (West),1047727,3.0
913,2016,September,6,Flinders Street Station Underpass,994761,4.0
914,2016,September,1,Bourke Street Mall (North),986772,5.0
915,2016,September,3,Melbourne Central,964707,6.0
916,2016,September,24,Spencer St-Collins St (North),894769,7.0
917,2016,September,5,Princes Bridge,866167,8.0
918,2016,September,2,Bourke Street Mall (South),726441,9.0
919,2016,September,32,City Square,705794,10.0
920,2017,April,35,Southbank,1308507,1.0
921,2017,April,6,Flinders Street Station Underpass,1012907,2.0
922,2017,April,1,Bourke Street Mall (North),997482,3.0
923,2017,April,3,Melbourne Central,987618,4.0
924,2017,April,5,Princes Bridge,977749,5.0
925,2017,April,22,Flinders St-Elizabeth St (East),969972,6.0
926,2017,April,24,Spencer St-Collins St (North),871082,7.0
927,2017,April,2,Bourke Street Mall (South),760434,8.0
928,2017,April,28,The Arts Centre,743788,9.0
929,2017,April,15,State Library,654330,10.0
930,2017,August,41,Flinders La-Swanston St (West),1482257,1.0
931,2017,August,35,Southbank,1084862,2.0
932,2017,August,6,Flinders Street Station Underpass,1040597,3.0
933,2017,August,24,Spencer St-Collins St (North),1031431,4.0
934,2017,August,4,Town Hall (West),1028463,5.0
935,2017,August,3,Melbourne Central,968681,6.0
936,2017,August,1,Bourke Street Mall (North),941881,7.0
937,2017,August,28,The Arts Centre,714967,8.0
938,2017,August,2,Bourke Street Mall (South),684195,9.0
939,2017,August,15,State Library,663859,10.0
940,2017,December,41,Flinders La-Swanston St (West),1534446,1.0
941,2017,December,35,Southbank,1496960,2.0
942,2017,December,4,Town Hall (West),1264956,3.0
943,2017,December,6,Flinders Street Station Underpass,1196341,4.0
944,2017,December,22,Flinders St-Elizabeth St (East),1153637,5.0
945,2017,December,1,Bourke Street Mall (North),1136439,6.0
946,2017,December,5,Princes Bridge,1086973,7.0
947,2017,December,2,Bourke Street Mall (South),1027063,8.0
948,2017,December,3,Melbourne Central,927957,9.0
949,2017,December,24,Spencer St-Collins St (North),911571,10.0
950,2017,February,35,Southbank,1209324,1.0
951,2017,February,6,Flinders Street Station Underpass,1021211,2.0
952,2017,February,5,Princes Bridge,914301,3.0
953,2017,February,24,Spencer St-Collins St (North),899168,4.0
954,2017,February,3,Melbourne Central,893209,5.0
955,2017,February,1,Bourke Street Mall (North),884361,6.0
956,2017,February,2,Bourke Street Mall (South),686297,7.0
957,2017,February,28,The Arts Centre,676087,8.0
958,2017,February,15,State Library,629603,9.0
959,2017,February,13,Flagstaff Station,616789,10.0
960,2017,January,35,Southbank,1400383,1.0
961,2017,January,6,Flinders Street Station Underpass,1055408,2.0
962,2017,January,5,Princes Bridge,1030135,3.0
963,2017,January,1,Bourke Street Mall (North),915872,4.0
964,2017,January,24,Spencer St-Collins St (North),828032,5.0
965,2017,January,2,Bourke Street Mall (South),773310,6.0
966,2017,January,28,The Arts Centre,748812,7.0
967,2017,January,7,Birrarung Marr,642163,8.0
968,2017,January,32,City Square,579530,9.0
969,2017,January,15,State Library,545573,10.0
970,2017,July,41,Flinders La-Swanston St (West),1504540,1.0
971,2017,July,35,Southbank,1203955,2.0
972,2017,July,4,Town Hall (West),1080143,3.0
973,2017,July,6,Flinders Street Station Underpass,1055075,4.0
974,2017,July,1,Bourke Street Mall (North),1005119,5.0
975,2017,July,24,Spencer St-Collins St (North),996873,6.0
976,2017,July,3,Melbourne Central,963212,7.0
977,2017,July,28,The Arts Centre,804272,8.0
978,2017,July,2,Bourke Street Mall (South),742760,9.0
979,2017,July,45,Little Collins St-Swanston St (East),669455,10.0
980,2017,June,35,Southbank,1115676,1.0
981,2017,June,6,Flinders Street Station Underpass,1009192,2.0
982,2017,June,4,Town Hall (West),971094,3.0
983,2017,June,1,Bourke Street Mall (North),968495,4.0
984,2017,June,22,Flinders St-Elizabeth St (East),963521,5.0
985,2017,June,24,Spencer St-Collins St (North),954109,6.0
986,2017,June,3,Melbourne Central,871622,7.0
987,2017,June,28,The Arts Centre,849099,8.0
988,2017,June,5,Princes Bridge,748546,9.0
989,2017,June,2,Bourke Street Mall (South),702261,10.0
990,2017,March,35,Southbank,1389256,1.0
991,2017,March,6,Flinders Street Station Underpass,1163239,2.0
992,2017,March,3,Melbourne Central,1065189,3.0
993,2017,March,24,Spencer St-Collins St (North),1060384,4.0
994,2017,March,1,Bourke Street Mall (North),1033731,5.0
995,2017,March,5,Princes Bridge,1020710,6.0
996,2017,March,2,Bourke Street Mall (South),757690,7.0
997,2017,March,15,State Library,719976,8.0
998,2017,March,13,Flagstaff Station,712181,9.0
999,2017,March,53,Collins St (North),543269,10.0
1000,2017,May,35,Southbank,1157203,1.0
1001,2017,May,22,Flinders St-Elizabeth St (East),1070699,2.0
1002,2017,May,6,Flinders Street Station Underpass,1058039,3.0
1003,2017,May,24,Spencer St-Collins St (North),1023285,4.0
1004,2017,May,1,Bourke Street Mall (North),978905,5.0
1005,2017,May,5,Princes Bridge,956815,6.0
1006,2017,May,3,Melbourne Central,922636,7.0
1007,2017,May,28,The Arts Centre,845480,8.0
1008,2017,May,2,Bourke Street Mall (South),693992,9.0
1009,2017,May,15,State Library,651078,10.0
1010,2017,November,41,Flinders La-Swanston St (West),1434538,1.0
1011,2017,November,35,Southbank,1336592,2.0
1012,2017,November,22,Flinders St-Elizabeth St (East),1178237,3.0
1013,2017,November,6,Flinders Street Station Underpass,1174889,4.0
1014,2017,November,4,Town Hall (West),1093601,5.0
1015,2017,November,5,Princes Bridge,1055953,6.0
1016,2017,November,24,Spencer St-Collins St (North),994839,7.0
1017,2017,November,1,Bourke Street Mall (North),990897,8.0
1018,2017,November,3,Melbourne Central,932668,9.0
1019,2017,November,2,Bourke Street Mall (South),804618,10.0
1020,2017,October,41,Flinders La-Swanston St (West),1369663,1.0
1021,2017,October,35,Southbank,1305189,2.0
1022,2017,October,6,Flinders Street Station Underpass,1149960,3.0
1023,2017,October,4,Town Hall (West),1037201,4.0
1024,2017,October,24,Spencer St-Collins St (North),1013618,5.0
1025,2017,October,1,Bourke Street Mall (North),963580,6.0
1026,2017,October,3,Melbourne Central,956458,7.0
1027,2017,October,28,The Arts Centre,861405,8.0
1028,2017,October,2,Bourke Street Mall (South),753803,9.0
1029,2017,October,47,Melbourne Central-Elizabeth St (East),743330,10.0
1030,2017,September,41,Flinders La-Swanston St (West),1329334,1.0
1031,2017,September,35,Southbank,1134351,2.0
1032,2017,September,6,Flinders Street Station Underpass,1017160,3.0
1033,2017,September,4,Town Hall (West),994995,4.0
1034,2017,September,24,Spencer St-Collins St (North),943961,5.0
1035,2017,September,1,Bourke Street Mall (North),937740,6.0
1036,2017,September,3,Melbourne Central,929795,7.0
1037,2017,September,28,The Arts Centre,771848,8.0
1038,2017,September,2,Bourke Street Mall (South),699499,9.0
1039,2017,September,47,Melbourne Central-Elizabeth St (East),690642,10.0
1040,2018,April,41,Flinders La-Swanston St (West),1451362,1.0
1041,2018,April,35,Southbank,1328318,2.0
1042,2018,April,4,Town Hall (West),1162057,3.0
1043,2018,April,5,Princes Bridge,1136327,4.0
1044,2018,April,6,Flinders Street Station Underpass,1129458,5.0
1045,2018,April,22,Flinders St-Elizabeth St (East),1123654,6.0
1046,2018,April,3,Melbourne Central,1002792,7.0
1047,2018,April,24,Spencer St-Collins St (North),967713,8.0
1048,2018,April,1,Bourke Street Mall (North),962898,9.0
1049,2018,April,28,The Arts Centre,886558,10.0
1050,2018,August,41,Flinders La-Swanston St (West),1342688,1.0
1051,2018,August,35,Southbank,1164656,2.0
1052,2018,August,22,Flinders St-Elizabeth St (East),1163597,3.0
1053,2018,August,24,Spencer St-Collins St (North),1074691,4.0
1054,2018,August,4,Town Hall (West),1034464,5.0
1055,2018,August,1,Bourke Street Mall (North),997765,6.0
1056,2018,August,3,Melbourne Central,971272,7.0
1057,2018,August,5,Princes Bridge,928151,8.0
1058,2018,August,28,The Arts Centre,794830,9.0
1059,2018,August,47,Melbourne Central-Elizabeth St (East),735170,10.0
1060,2018,December,35,Southbank,1520180,1.0
1061,2018,December,4,Town Hall (West),1225432,2.0
1062,2018,December,1,Bourke Street Mall (North),1147555,3.0
1063,2018,December,6,Flinders Street Station Underpass,1092166,4.0
1064,2018,December,2,Bourke Street Mall (South),968797,5.0
1065,2018,December,24,Spencer St-Collins St (North),935851,6.0
1066,2018,December,5,Princes Bridge,929359,7.0
1067,2018,December,3,Melbourne Central,858879,8.0
1068,2018,December,47,Melbourne Central-Elizabeth St (East),774632,9.0
1069,2018,December,45,Little Collins St-Swanston St (East),757379,10.0
1070,2018,February,35,Southbank,1369333,1.0
1071,2018,February,41,Flinders La-Swanston St (West),1358989,2.0
1072,2018,February,6,Flinders Street Station Underpass,1145147,3.0
1073,2018,February,22,Flinders St-Elizabeth St (East),1103283,4.0
1074,2018,February,5,Princes Bridge,1102898,5.0
1075,2018,February,4,Town Hall (West),1035079,6.0
1076,2018,February,24,Spencer St-Collins St (North),953082,7.0
1077,2018,February,1,Bourke Street Mall (North),908056,8.0
1078,2018,February,3,Melbourne Central,892607,9.0
1079,2018,February,28,The Arts Centre,850372,10.0
1080,2018,January,41,Flinders La-Swanston St (West),1455498,1.0
1081,2018,January,35,Southbank,1439788,2.0
1082,2018,January,5,Princes Bridge,1199066,3.0
1083,2018,January,22,Flinders St-Elizabeth St (East),1153177,4.0
1084,2018,January,6,Flinders Street Station Underpass,1110076,5.0
1085,2018,January,4,Town Hall (West),1084434,6.0
1086,2018,January,28,The Arts Centre,953696,7.0
1087,2018,January,1,Bourke Street Mall (North),892058,8.0
1088,2018,January,24,Spencer St-Collins St (North),891489,9.0
1089,2018,January,3,Melbourne Central,808699,10.0
1090,2018,July,41,Flinders La-Swanston St (West),1372753,1.0
1091,2018,July,35,Southbank,1213328,2.0
1092,2018,July,22,Flinders St-Elizabeth St (East),1153935,3.0
1093,2018,July,24,Spencer St-Collins St (North),1080523,4.0
1094,2018,July,4,Town Hall (West),1057816,5.0
1095,2018,July,1,Bourke Street Mall (North),1052863,6.0
1096,2018,July,6,Flinders Street Station Underpass,1002381,7.0
1097,2018,July,5,Princes Bridge,965085,8.0
1098,2018,July,3,Melbourne Central,940135,9.0
1099,2018,July,28,The Arts Centre,799666,10.0
1100,2018,June,41,Flinders La-Swanston St (West),1250034,1.0
1101,2018,June,35,Southbank,1082290,2.0
1102,2018,June,22,Flinders St-Elizabeth St (East),1062634,3.0
1103,2018,June,1,Bourke Street Mall (North),982267,4.0
1104,2018,June,24,Spencer St-Collins St (North),979066,5.0
1105,2018,June,4,Town Hall (West),969195,6.0
1106,2018,June,6,Flinders Street Station Underpass,918147,7.0
1107,2018,June,5,Princes Bridge,876728,8.0
1108,2018,June,3,Melbourne Central,846871,9.0
1109,2018,June,28,The Arts Centre,719852,10.0
1110,2018,March,35,Southbank,1552011,1.0
1111,2018,March,41,Flinders La-Swanston St (West),1543041,2.0
1112,2018,March,6,Flinders Street Station Underpass,1246582,3.0
1113,2018,March,5,Princes Bridge,1234106,4.0
1114,2018,March,22,Flinders St-Elizabeth St (East),1225208,5.0
1115,2018,March,4,Town Hall (West),1153946,6.0
1116,2018,March,24,Spencer St-Collins St (North),1081960,7.0
1117,2018,March,3,Melbourne Central,1076732,8.0
1118,2018,March,1,Bourke Street Mall (North),1044253,9.0
1119,2018,March,28,The Arts Centre,919971,10.0
1120,2018,May,41,Flinders La-Swanston St (West),1338695,1.0
1121,2018,May,35,Southbank,1134039,2.0
1122,2018,May,22,Flinders St-Elizabeth St (East),1094188,3.0
1123,2018,May,24,Spencer St-Collins St (North),1069017,4.0
1124,2018,May,4,Town Hall (West),1033314,5.0
1125,2018,May,6,Flinders Street Station Underpass,982157,6.0
1126,2018,May,1,Bourke Street Mall (North),975341,7.0
1127,2018,May,3,Melbourne Central,962540,8.0
1128,2018,May,5,Princes Bridge,850172,9.0
1129,2018,May,47,Melbourne Central-Elizabeth St (East),731234,10.0
1130,2018,November,35,Southbank,1319719,1.0
1131,2018,November,22,Flinders St-Elizabeth St (East),1185085,2.0
1132,2018,November,4,Town Hall (West),1073426,3.0
1133,2018,November,24,Spencer St-Collins St (North),1057705,4.0
1134,2018,November,1,Bourke Street Mall (North),1036162,5.0
1135,2018,November,6,Flinders Street Station Underpass,1008178,6.0
1136,2018,November,3,Melbourne Central,880104,7.0
1137,2018,November,2,Bourke Street Mall (South),773508,8.0
1138,2018,November,28,The Arts Centre,710981,9.0
1139,2018,November,45,Little Collins St-Swanston St (East),689273,10.0
1140,2018,October,35,Southbank,1376487,1.0
1141,2018,October,22,Flinders St-Elizabeth St (East),1232548,2.0
1142,2018,October,6,Flinders Street Station Underpass,1106982,3.0
1143,2018,October,24,Spencer St-Collins St (North),1092460,4.0
1144,2018,October,4,Town Hall (West),1071017,5.0
1145,2018,October,1,Bourke Street Mall (North),1014422,6.0
1146,2018,October,57,Bourke St Bridge,808879,7.0
1147,2018,October,28,The Arts Centre,767102,8.0
1148,2018,October,47,Melbourne Central-Elizabeth St (East),750189,9.0
1149,2018,October,2,Bourke Street Mall (South),745256,10.0
1150,2018,September,41,Flinders La-Swanston St (West),1262328,1.0
1151,2018,September,35,Southbank,1232917,2.0
1152,2018,September,22,Flinders St-Elizabeth St (East),1117157,3.0
1153,2018,September,4,Town Hall (West),1001739,4.0
1154,2018,September,5,Princes Bridge,997023,5.0
1155,2018,September,6,Flinders Street Station Underpass,961365,6.0
1156,2018,September,1,Bourke Street Mall (North),954591,7.0
1157,2018,September,24,Spencer St-Collins St (North),940607,8.0
1158,2018,September,3,Melbourne Central,907065,9.0
1159,2018,September,28,The Arts Centre,827217,10.0
1160,2019,April,5,Princes Bridge,1381018,1.0
1161,2019,April,22,Flinders St-Elizabeth St (East),1333821,2.0
1162,2019,April,4,Town Hall (West),1148257,3.0
1163,2019,April,28,The Arts Centre,1101262,4.0
1164,2019,April,35,Southbank,1019327,5.0
1165,2019,April,3,Melbourne Central,1014705,6.0
1166,2019,April,1,Bourke Street Mall (North),1005854,7.0
1167,2019,April,24,Spencer St-Collins St (North),964507,8.0
1168,2019,April,6,Flinders Street Station Underpass,953646,9.0
1169,2019,April,2,Bourke Street Mall (South),695109,10.0
1170,2019,August,22,Flinders St-Elizabeth St (East),1359268,1.0
1171,2019,August,24,Spencer St-Collins St (North),1101164,2.0
1172,2019,August,4,Town Hall (West),1064689,3.0
1173,2019,August,6,Flinders Street Station Underpass,1051024,4.0
1174,2019,August,3,Melbourne Central,981893,5.0
1175,2019,August,5,Princes Bridge,963378,6.0
1176,2019,August,60,Flinders la - Swanston St (West) Temp,961210,7.0
1177,2019,August,57,Bourke St Bridge,858475,8.0
1178,2019,August,1,Bourke Street Mall (North),838069,9.0
1179,2019,August,28,The Arts Centre,815103,10.0
1180,2019,December,41,Flinders La-Swanston St (West),1470360,1.0
1181,2019,December,22,Flinders St-Elizabeth St (East),1346535,2.0
1182,2019,December,4,Town Hall (West),1244392,3.0
1183,2019,December,1,Bourke Street Mall (North),1192463,4.0
1184,2019,December,6,Flinders Street Station Underpass,1187116,5.0
1185,2019,December,5,Princes Bridge,1068849,6.0
1186,2019,December,35,Southbank,977637,7.0
1187,2019,December,24,Spencer St-Collins St (North),958089,8.0
1188,2019,December,2,Bourke Street Mall (South),927155,9.0
1189,2019,December,3,Melbourne Central,911297,10.0
1190,2019,February,35,Southbank,1062057,1.0
1191,2019,February,6,Flinders Street Station Underpass,1028553,2.0
1192,2019,February,24,Spencer St-Collins St (North),993208,3.0
1193,2019,February,4,Town Hall (West),969427,4.0
1194,2019,February,1,Bourke Street Mall (North),881310,5.0
1195,2019,February,29,St Kilda Rd-Alexandra Gardens,710020,6.0
1196,2019,February,57,Bourke St Bridge,686229,7.0
1197,2019,February,28,The Arts Centre,681857,8.0
1198,2019,February,47,Melbourne Central-Elizabeth St (East),662439,9.0
1199,2019,February,22,Flinders St-Elizabeth St (East),645261,10.0
1200,2019,January,35,Southbank,1395117,1.0
1201,2019,January,4,Town Hall (West),1035715,2.0
1202,2019,January,6,Flinders Street Station Underpass,1015331,3.0
1203,2019,January,24,Spencer St-Collins St (North),910109,4.0
1204,2019,January,28,The Arts Centre,884885,5.0
1205,2019,January,1,Bourke Street Mall (North),871901,6.0
1206,2019,January,5,Princes Bridge,799066,7.0
1207,2019,January,2,Bourke Street Mall (South),704858,8.0
1208,2019,January,47,Melbourne Central-Elizabeth St (East),680089,9.0
1209,2019,January,29,St Kilda Rd-Alexandra Gardens,598964,10.0
1210,2019,July,22,Flinders St-Elizabeth St (East),1356376,1.0
1211,2019,July,24,Spencer St-Collins St (North),1087198,2.0
1212,2019,July,4,Town Hall (West),1042025,3.0
1213,2019,July,6,Flinders Street Station Underpass,1030584,4.0
1214,2019,July,5,Princes Bridge,1012406,5.0
1215,2019,July,1,Bourke Street Mall (North),895441,6.0
1216,2019,July,3,Melbourne Central,888107,7.0
1217,2019,July,28,The Arts Centre,868490,8.0
1218,2019,July,57,Bourke St Bridge,814354,9.0
1219,2019,July,35,Southbank,750612,10.0
1220,2019,June,22,Flinders St-Elizabeth St (East),1250112,1.0
1221,2019,June,4,Town Hall (West),960811,2.0
1222,2019,June,1,Bourke Street Mall (North),954095,3.0
1223,2019,June,6,Flinders Street Station Underpass,944617,4.0
1224,2019,June,24,Spencer St-Collins St (North),895342,5.0
1225,2019,June,5,Princes Bridge,879108,6.0
1226,2019,June,3,Melbourne Central,833350,7.0
1227,2019,June,28,The Arts Centre,744230,8.0
1228,2019,June,35,Southbank,682976,9.0
1229,2019,June,47,Melbourne Central-Elizabeth St (East),643533,10.0
1230,2019,March,22,Flinders St-Elizabeth St (East),1355988,1.0
1231,2019,March,35,Southbank,1183184,2.0
1232,2019,March,4,Town Hall (West),1117448,3.0
1233,2019,March,24,Spencer St-Collins St (North),1086273,4.0
1234,2019,March,6,Flinders Street Station Underpass,1080389,5.0
1235,2019,March,3,Melbourne Central,1069562,6.0
1236,2019,March,1,Bourke Street Mall (North),1009342,7.0
1237,2019,March,28,The Arts Centre,836962,8.0
1238,2019,March,5,Princes Bridge,751351,9.0
1239,2019,March,57,Bourke St Bridge,733140,10.0
1240,2019,May,22,Flinders St-Elizabeth St (East),1337425,1.0
1241,2019,May,24,Spencer St-Collins St (North),1098166,2.0
1242,2019,May,6,Flinders Street Station Underpass,1040433,3.0
1243,2019,May,4,Town Hall (West),1008211,4.0
1244,2019,May,1,Bourke Street Mall (North),979720,5.0
1245,2019,May,5,Princes Bridge,958937,6.0
1246,2019,May,3,Melbourne Central,892013,7.0
1247,2019,May,35,Southbank,799405,8.0
1248,2019,May,28,The Arts Centre,728549,9.0
1249,2019,May,47,Melbourne Central-Elizabeth St (East),675960,10.0
1250,2019,November,22,Flinders St-Elizabeth St (East),1311400,1.0
1251,2019,November,41,Flinders La-Swanston St (West),1123654,2.0
1252,2019,November,6,Flinders Street Station Underpass,1105507,3.0
1253,2019,November,4,Town Hall (West),1074747,4.0
1254,2019,November,24,Spencer St-Collins St (North),1054288,5.0
1255,2019,November,1,Bourke Street Mall (North),1037267,6.0
1256,2019,November,3,Melbourne Central,901523,7.0
1257,2019,November,28,The Arts Centre,774709,8.0
1258,2019,November,35,Southbank,770162,9.0
1259,2019,November,2,Bourke Street Mall (South),744945,10.0
1260,2019,October,22,Flinders St-Elizabeth St (East),1366031,1.0
1261,2019,October,6,Flinders Street Station Underpass,1151298,2.0
1262,2019,October,24,Spencer St-Collins St (North),1089498,3.0
1263,2019,October,4,Town Hall (West),1047186,4.0
1264,2019,October,1,Bourke Street Mall (North),1028681,5.0
1265,2019,October,5,Princes Bridge,1028104,6.0
1266,2019,October,41,Flinders La-Swanston St (West),982823,7.0
1267,2019,October,25,Melbourne Convention Exhibition Centre,965404,8.0
1268,2019,October,3,Melbourne Central,919197,9.0
1269,2019,October,35,Southbank,861390,10.0
1270,2019,September,22,Flinders St-Elizabeth St (East),1271923,1.0
1271,2019,September,6,Flinders Street Station Underpass,1008301,2.0
1272,2019,September,24,Spencer St-Collins St (North),984837,3.0
1273,2019,September,4,Town Hall (West),971314,4.0
1274,2019,September,1,Bourke Street Mall (North),943758,5.0
1275,2019,September,5,Princes Bridge,925437,6.0
1276,2019,September,3,Melbourne Central,869674,7.0
1277,2019,September,28,The Arts Centre,772680,8.0
1278,2019,September,35,Southbank,733141,9.0
1279,2019,September,47,Melbourne Central-Elizabeth St (East),672015,10.0
1280,2020,April,22,Flinders St-Elizabeth St (East),299425,1.0
1281,2020,April,55,Elizabeth St-La Trobe St (East),203304,2.0
1282,2020,April,35,Southbank,194288,3.0
1283,2020,April,41,Flinders La-Swanston St (West),156713,4.0
1284,2020,April,24,Spencer St-Collins St (North),147616,5.0
1285,2020,April,4,Town Hall (West),130659,6.0
1286,2020,April,26,QV Market-Elizabeth St (West),130433,7.0
1287,2020,April,6,Flinders Street Station Underpass,129411,8.0
1288,2020,April,3,Melbourne Central,127245,9.0
1289,2020,April,47,Melbourne Central-Elizabeth St (East),126345,10.0
1290,2020,August,22,Flinders St-Elizabeth St (East),254305,1.0
1291,2020,August,55,Elizabeth St-La Trobe St (East),180654,2.0
1292,2020,August,41,Flinders La-Swanston St (West),137467,3.0
1293,2020,August,35,Southbank,130420,4.0
1294,2020,August,25,Melbourne Convention Exhibition Centre,127307,5.0
1295,2020,August,47,Melbourne Central-Elizabeth St (East),124483,6.0
1296,2020,August,26,QV Market-Elizabeth St (West),115828,7.0
1297,2020,August,6,Flinders Street Station Underpass,98834,8.0
1298,2020,August,24,Spencer St-Collins St (North),98464,9.0
1299,2020,August,4,Town Hall (West),97813,10.0
1300,2020,December,41,Flinders La-Swanston St (West),974529,1.0
1301,2020,December,4,Town Hall (West),796734,2.0
1302,2020,December,22,Flinders St-Elizabeth St (East),758570,3.0
1303,2020,December,5,Princes Bridge,731645,4.0
1304,2020,December,1,Bourke Street Mall (North),714656,5.0
1305,2020,December,35,Southbank,580074,6.0
1306,2020,December,2,Bourke Street Mall (South),512225,7.0
1307,2020,December,6,Flinders Street Station Underpass,494740,8.0
1308,2020,December,55,Elizabeth St-La Trobe St (East),479460,9.0
1309,2020,December,47,Melbourne Central-Elizabeth St (East),477188,10.0
1310,2020,February,22,Flinders St-Elizabeth St (East),1209332,1.0
1311,2020,February,41,Flinders La-Swanston St (West),1174631,2.0
1312,2020,February,6,Flinders Street Station Underpass,1006221,3.0
1313,2020,February,35,Southbank,1002477,4.0
1314,2020,February,5,Princes Bridge,942341,5.0
1315,2020,February,4,Town Hall (West),905988,6.0
1316,2020,February,24,Spencer St-Collins St (North),888466,7.0
1317,2020,February,1,Bourke Street Mall (North),799619,8.0
1318,2020,February,3,Melbourne Central,741496,9.0
1319,2020,February,28,The Arts Centre,701412,10.0
1320,2020,January,41,Flinders La-Swanston St (West),1354171,1.0
1321,2020,January,22,Flinders St-Elizabeth St (East),1290280,2.0
1322,2020,January,5,Princes Bridge,1247383,3.0
1323,2020,January,4,Town Hall (West),1030896,4.0
1324,2020,January,6,Flinders Street Station Underpass,1019459,5.0
1325,2020,January,24,Spencer St-Collins St (North),935880,6.0
1326,2020,January,35,Southbank,910977,7.0
1327,2020,January,28,The Arts Centre,893317,8.0
1328,2020,January,1,Bourke Street Mall (North),892048,9.0
1329,2020,January,25,Melbourne Convention Exhibition Centre,771333,10.0
1330,2020,July,22,Flinders St-Elizabeth St (East),391523,1.0
1331,2020,July,41,Flinders La-Swanston St (West),290935,2.0
1332,2020,July,55,Elizabeth St-La Trobe St (East),287679,3.0
1333,2020,July,4,Town Hall (West),222709,4.0
1334,2020,July,1,Bourke Street Mall (North),216577,5.0
1335,2020,July,47,Melbourne Central-Elizabeth St (East),205960,6.0
1336,2020,July,3,Melbourne Central,193613,7.0
1337,2020,July,24,Spencer St-Collins St (North),182899,8.0
1338,2020,July,5,Princes Bridge,169971,9.0
1339,2020,July,25,Melbourne Convention Exhibition Centre,168589,10.0
1340,2020,June,22,Flinders St-Elizabeth St (East),557724,1.0
1341,2020,June,41,Flinders La-Swanston St (West),482013,2.0
1342,2020,June,1,Bourke Street Mall (North),424476,3.0
1343,2020,June,4,Town Hall (West),394408,4.0
1344,2020,June,55,Elizabeth St-La Trobe St (East),385350,5.0
1345,2020,June,3,Melbourne Central,352121,6.0
1346,2020,June,47,Melbourne Central-Elizabeth St (East),302881,7.0
1347,2020,June,15,State Library,277962,8.0
1348,2020,June,66,State Library-New,277962,8.0
1349,2020,June,5,Princes Bridge,274311,9.0
1350,2020,March,22,Flinders St-Elizabeth St (East),960996,1.0
1351,2020,March,35,Southbank,816192,2.0
1352,2020,March,41,Flinders La-Swanston St (West),813394,3.0
1353,2020,March,6,Flinders Street Station Underpass,660488,4.0
1354,2020,March,4,Town Hall (West),634135,5.0
1355,2020,March,5,Princes Bridge,595265,6.0
1356,2020,March,24,Spencer St-Collins St (North),586391,7.0
1357,2020,March,1,Bourke Street Mall (North),560956,8.0
1358,2020,March,3,Melbourne Central,560572,9.0
1359,2020,March,55,Elizabeth St-La Trobe St (East),532240,10.0
1360,2020,May,22,Flinders St-Elizabeth St (East),445791,1.0
1361,2020,May,55,Elizabeth St-La Trobe St (East),299323,2.0
1362,2020,May,41,Flinders La-Swanston St (West),284010,3.0
1363,2020,May,1,Bourke Street Mall (North),269797,4.0
1364,2020,May,4,Town Hall (West),245937,5.0
1365,2020,May,35,Southbank,240025,6.0
1366,2020,May,3,Melbourne Central,221395,7.0
1367,2020,May,47,Melbourne Central-Elizabeth St (East),212147,8.0
1368,2020,May,24,Spencer St-Collins St (North),210379,9.0
1369,2020,May,6,Flinders Street Station Underpass,190959,10.0
1370,2020,November,41,Flinders La-Swanston St (West),602980,1.0
1371,2020,November,22,Flinders St-Elizabeth St (East),558750,2.0
1372,2020,November,1,Bourke Street Mall (North),498611,3.0
1373,2020,November,4,Town Hall (West),490630,4.0
1374,2020,November,3,Melbourne Central,425215,5.0
1375,2020,November,55,Elizabeth St-La Trobe St (East),393471,6.0
1376,2020,November,47,Melbourne Central-Elizabeth St (East),366156,7.0
1377,2020,November,5,Princes Bridge,364502,8.0
1378,2020,November,35,Southbank,361771,9.0
1379,2020,November,6,Flinders Street Station Underpass,324248,10.0
1380,2020,October,22,Flinders St-Elizabeth St (East),357418,1.0
1381,2020,October,41,Flinders La-Swanston St (West),265184,2.0
1382,2020,October,55,Elizabeth St-La Trobe St (East),260093,3.0
1383,2020,October,3,Melbourne Central,200440,4.0
1384,2020,October,4,Town Hall (West),198010,5.0
1385,2020,October,35,Southbank,193587,6.0
1386,2020,October,25,Melbourne Convention Exhibition Centre,193419,7.0
1387,2020,October,47,Melbourne Central-Elizabeth St (East),190966,8.0
1388,2020,October,5,Princes Bridge,184081,9.0
1389,2020,October,6,Flinders Street Station Underpass,162612,10.0
1390,2020,September,22,Flinders St-Elizabeth St (East),276070,1.0
1391,2020,September,55,Elizabeth St-La Trobe St (East),195295,2.0
1392,2020,September,41,Flinders La-Swanston St (West),161884,3.0
1393,2020,September,25,Melbourne Convention Exhibition Centre,155748,4.0
1394,2020,September,35,Southbank,153717,5.0
1395,2020,September,47,Melbourne Central-Elizabeth St (East),135639,6.0
1396,2020,September,26,QV Market-Elizabeth St (West),125332,7.0
1397,2020,September,3,Melbourne Central,114151,8.0
1398,2020,September,5,Princes Bridge,112820,9.0
1399,2020,September,4,Town Hall (West),112765,10.0
1400,2021,April,41,Flinders La-Swanston St (West),1005610,1.0
1401,2021,April,5,Princes Bridge,759926,2.0
1402,2021,April,4,Town Hall (West),743653,3.0
1403,2021,April,22,Flinders St-Elizabeth St (East),664671,4.0
1404,2021,April,1,Bourke Street Mall (North),612164,5.0
1405,2021,April,6,Flinders Street Station Underpass,564776,6.0
1406,2021,April,28,The Arts Centre,563047,7.0
1407,2021,April,55,Elizabeth St-La Trobe St (East),510336,8.0
1408,2021,April,15,State Library,503175,9.0
1409,2021,April,66,State Library-New,503175,9.0
1410,2021,August,22,Flinders St-Elizabeth St (East),372280,1.0
1411,2021,August,41,Flinders La-Swanston St (West),304048,2.0
1412,2021,August,55,Elizabeth St-La Trobe St (East),269199,3.0
1413,2021,August,25,Melbourne Convention Exhibition Centre,245638,4.0
1414,2021,August,35,Southbank,231854,5.0
1415,2021,August,4,Town Hall (West),213065,6.0
1416,2021,August,15,State Library,184230,7.0
1417,2021,August,66,State Library-New,184230,7.0
1418,2021,August,47,Melbourne Central-Elizabeth St (East),181465,8.0
1419,2021,August,6,Flinders Street Station Underpass,180941,9.0
1420,2021,December,41,Flinders La-Swanston St (West),1137102,1.0
1421,2021,December,35,Southbank,1038217,2.0
1422,2021,December,4,Town Hall (West),910918,3.0
1423,2021,December,1,Bourke Street Mall (North),773993,4.0
1424,2021,December,5,Princes Bridge,724368,5.0
1425,2021,December,3,Melbourne Central,668351,6.0
1426,2021,December,25,Melbourne Convention Exhibition Centre,604865,7.0
1427,2021,December,22,Flinders St-Elizabeth St (East),584280,8.0
1428,2021,December,55,Elizabeth St-La Trobe St (East),548643,9.0
1429,2021,December,47,Melbourne Central-Elizabeth St (East),533409,10.0
1430,2021,February,41,Flinders La-Swanston St (West),632923,1.0
1431,2021,February,22,Flinders St-Elizabeth St (East),517017,2.0
1432,2021,February,5,Princes Bridge,515746,3.0
1433,2021,February,4,Town Hall (West),456419,4.0
1434,2021,February,55,Elizabeth St-La Trobe St (East),371647,5.0
1435,2021,February,6,Flinders Street Station Underpass,355201,6.0
1436,2021,February,1,Bourke Street Mall (North),354240,7.0
1437,2021,February,28,The Arts Centre,317626,8.0
1438,2021,February,25,Melbourne Convention Exhibition Centre,309576,9.0
1439,2021,February,47,Melbourne Central-Elizabeth St (East),293808,10.0
1440,2021,January,41,Flinders La-Swanston St (West),746069,1.0
1441,2021,January,5,Princes Bridge,657882,2.0
1442,2021,January,22,Flinders St-Elizabeth St (East),639360,3.0
1443,2021,January,4,Town Hall (West),558664,4.0
1444,2021,January,1,Bourke Street Mall (North),459859,5.0
1445,2021,January,35,Southbank,433834,6.0
1446,2021,January,55,Elizabeth St-La Trobe St (East),425889,7.0
1447,2021,January,6,Flinders Street Station Underpass,412406,8.0
1448,2021,January,28,The Arts Centre,407448,9.0
1449,2021,January,47,Melbourne Central-Elizabeth St (East),361790,10.0
1450,2021,July,41,Flinders La-Swanston St (West),709195,1.0
1451,2021,July,22,Flinders St-Elizabeth St (East),587906,2.0
1452,2021,July,5,Princes Bridge,526115,3.0
1453,2021,July,35,Southbank,499399,4.0
1454,2021,July,4,Town Hall (West),483035,5.0
1455,2021,July,28,The Arts Centre,408728,6.0
1456,2021,July,55,Elizabeth St-La Trobe St (East),405882,7.0
1457,2021,July,1,Bourke Street Mall (North),397827,8.0
1458,2021,July,6,Flinders Street Station Underpass,363938,9.0
1459,2021,July,15,State Library,343527,10.0
1460,2021,June,41,Flinders La-Swanston St (West),574050,1.0
1461,2021,June,22,Flinders St-Elizabeth St (East),484247,2.0
1462,2021,June,35,Southbank,426190,3.0
1463,2021,June,4,Town Hall (West),415985,4.0
1464,2021,June,55,Elizabeth St-La Trobe St (East),369319,5.0
1465,2021,June,5,Princes Bridge,358617,6.0
1466,2021,June,1,Bourke Street Mall (North),349759,7.0
1467,2021,June,15,State Library,309081,8.0
1468,2021,June,66,State Library-New,309081,8.0
1469,2021,June,47,Melbourne Central-Elizabeth St (East),295397,9.0
1470,2021,March,41,Flinders La-Swanston St (West),909361,1.0
1471,2021,March,22,Flinders St-Elizabeth St (East),676032,2.0
1472,2021,March,5,Princes Bridge,660726,3.0
1473,2021,March,4,Town Hall (West),650570,4.0
1474,2021,March,1,Bourke Street Mall (North),523660,5.0
1475,2021,March,6,Flinders Street Station Underpass,510400,6.0
1476,2021,March,55,Elizabeth St-La Trobe St (East),470084,7.0
1477,2021,March,15,State Library,462712,8.0
1478,2021,March,66,State Library-New,462712,8.0
1479,2021,March,28,The Arts Centre,458441,9.0
1480,2021,May,41,Flinders La-Swanston St (West),824586,1.0
1481,2021,May,35,Southbank,701947,2.0
1482,2021,May,4,Town Hall (West),611918,3.0
1483,2021,May,5,Princes Bridge,556204,4.0
1484,2021,May,1,Bourke Street Mall (North),529938,5.0
1485,2021,May,6,Flinders Street Station Underpass,504102,6.0
1486,2021,May,22,Flinders St-Elizabeth St (East),498975,7.0
1487,2021,May,55,Elizabeth St-La Trobe St (East),477794,8.0
1488,2021,May,25,Melbourne Convention Exhibition Centre,461094,9.0
1489,2021,May,66,State Library-New,443760,10.0
1490,2021,November,41,Flinders La-Swanston St (West),833020,1.0
1491,2021,November,35,Southbank,663154,2.0
1492,2021,November,4,Town Hall (West),659965,3.0
1493,2021,November,1,Bourke Street Mall (North),616995,4.0
1494,2021,November,3,Melbourne Central,573539,5.0
1495,2021,November,6,Flinders Street Station Underpass,554083,6.0
1496,2021,November,55,Elizabeth St-La Trobe St (East),492453,7.0
1497,2021,November,66,State Library-New,456515,8.0
1498,2021,November,15,State Library,456515,8.0
1499,2021,November,25,Melbourne Convention Exhibition Centre,456039,9.0
1500,2021,October,35,Southbank,402560,1.0
1501,2021,October,22,Flinders St-Elizabeth St (East),398318,2.0
1502,2021,October,55,Elizabeth St-La Trobe St (East),306600,3.0
1503,2021,October,25,Melbourne Convention Exhibition Centre,294335,4.0
1504,2021,October,4,Town Hall (West),277236,5.0
1505,2021,October,41,Flinders La-Swanston St (West),264950,6.0
1506,2021,October,3,Melbourne Central,256758,7.0
1507,2021,October,15,State Library,239090,8.0
1508,2021,October,66,State Library-New,239090,8.0
1509,2021,October,47,Melbourne Central-Elizabeth St (East),223689,9.0
1510,2021,September,22,Flinders St-Elizabeth St (East),311203,1.0
1511,2021,September,35,Southbank,279021,2.0
1512,2021,September,25,Melbourne Convention Exhibition Centre,270099,3.0
1513,2021,September,41,Flinders La-Swanston St (West),246759,4.0
1514,2021,September,55,Elizabeth St-La Trobe St (East),242496,5.0
1515,2021,September,6,Flinders Street Station Underpass,237929,6.0
1516,2021,September,4,Town Hall (West),173612,7.0
1517,2021,September,47,Melbourne Central-Elizabeth St (East),164716,8.0
1518,2021,September,66,State Library-New,150230,9.0
1519,2021,September,15,State Library,150230,9.0
1520,2022,April,41,Flinders La-Swanston St (West),1172518,1.0
1521,2022,April,35,Southbank,1055102,2.0
1522,2022,April,4,Town Hall (West),1030598,3.0
1523,2022,April,5,Princes Bridge,818640,4.0
1524,2022,April,3,Melbourne Central,769096,5.0
1525,2022,April,84,Elizabeth St - Flinders St (East) - New footpath,697132,6.0
1526,2022,April,66,State Library - New,638649,7.0
1527,2022,April,6,Flinders Street Station Underpass,636340,8.0
1528,2022,April,25,Melbourne Convention Exhibition Centre,626553,9.0
1529,2022,April,1,Bourke Street Mall (North),621172,10.0
1530,2022,February,41,Flinders La-Swanston St (West),786709,1.0
1531,2022,February,35,Southbank,713303,2.0
1532,2022,February,4,Town Hall (West),573847,3.0
1533,2022,February,5,Princes Bridge,559468,4.0
1534,2022,February,3,Melbourne Central,545816,5.0
1535,2022,February,84,Elizabeth St - Flinders St (East) - New footpath,491831,6.0
1536,2022,February,1,Bourke Street Mall (North),471266,7.0
1537,2022,February,66,State Library - New,469942,8.0
1538,2022,February,6,Flinders Street Station Underpass,435167,9.0
1539,2022,February,25,Melbourne Convention Exhibition Centre,423117,10.0
1540,2022,January,41,Flinders La-Swanston St (West),723167,1.0
1541,2022,January,35,Southbank,699875,2.0
1542,2022,January,4,Town Hall (West),537982,3.0
1543,2022,January,5,Princes Bridge,528785,4.0
1544,2022,January,3,Melbourne Central,470868,5.0
1545,2022,January,84,Elizabeth St - Flinders St (East) - New footpath,456394,6.0
1546,2022,January,55,Elizabeth St-La Trobe St (East),455524,7.0
1547,2022,January,1,Bourke Street Mall (North),412675,8.0
1548,2022,January,25,Melbourne Convention Exhibition Centre,402501,9.0
1549,2022,January,6,Flinders Street Station Underpass,381308,10.0
1550,2022,March,41,Flinders La-Swanston St (West),1071759,1.0
1551,2022,March,35,Southbank,989844,2.0
1552,2022,March,4,Town Hall (West),826032,3.0
1553,2022,March,5,Princes Bridge,772113,4.0
1554,2022,March,3,Melbourne Central,724048,5.0
1555,2022,March,84,Elizabeth St - Flinders St (East) - New footpath,661185,6.0
1556,2022,March,66,State Library - New,614302,7.0
1557,2022,March,6,Flinders Street Station Underpass,607278,8.0
1558,2022,March,1,Bourke Street Mall (North),570461,9.0
1559,2022,March,47,Melbourne Central-Elizabeth St (East),523153,10.0
1560,2022,May,41,Flinders La-Swanston St (West),1002948,1.0
1561,2022,May,35,Southbank,828999,2.0
1562,2022,May,3,Melbourne Central,691828,3.0
1563,2022,May,84,Elizabeth St - Flinders St (East) - New footpath,649271,4.0
1564,2022,May,66,State Library - New,607245,5.0
1565,2022,May,6,Flinders Street Station Underpass,585139,6.0
1566,2022,May,5,Princes Bridge,583020,7.0
1567,2022,May,25,Melbourne Convention Exhibition Centre,574844,8.0
1568,2022,May,47,Melbourne Central-Elizabeth St (East),537508,9.0
1569,2022,May,1,Bourke Street Mall (North),531617,10.0
